first_name,last_name,email,gender,city,airport_code
Jonell,Buncombe,jbuncombe0@economist.com,Agender,Shu,US
Fredericka,Swain,fswain1@techcrunch.com,Female,Melioratyvne,US
Tate,Pyecroft,tpyecroft2@phpbb.com,Female,Ipubi,AE
Ardenia,Wollrauch,awollrauch3@netlog.com,Female,Figueira dos Cavaleiros,US
Dru,Leaming,dleaming4@dailymotion.com,Male,Trollhättan,US
Chauncey,McMurdo,cmcmurdo5@delicious.com,Male,Shazi,AU
Alyce,Muslim,amuslim6@zdnet.com,Female,Mattaldi,LS
Inglis,Tremaine,itremaine7@statcounter.com,Agender,Ararat,US
Hermann,Firk,hfirk8@canalblog.com,Male,Siemiątkowo,VE
Jesus,Awmack,jawmack9@princeton.edu,Male,Katoro,ID
Isak,Jays,ijaysa@godaddy.com,Male,La Purisima,US
Nels,McClure,nmcclureb@skype.com,Male,Xiachu,US
Correna,Gatecliffe,cgatecliffec@wikipedia.org,Female,Sidem,CD
Jimmie,Teresi,jteresid@nba.com,Male,Kedungbanteng Krajan,DK
Ruggiero,Zarfati,rzarfatie@uiuc.edu,Male,Czchów,CO
Arabella,Batchelder,abatchelderf@1688.com,Female,Al Ḩammāmāt,IL
Dudley,Simonian,dsimoniang@cnn.com,Male,Tanahedang,PG
Goldarina,Exrol,gexrolh@slashdot.org,Female,Zuitou,AU
Cesya,Dienes,cdienesi@yale.edu,Female,Kramfors,US
Gertrudis,Dennes,gdennesj@wikipedia.org,Female,Linxia Chengguanzhen,CD
Jelene,Caddy,jcaddyk@oracle.com,Female,Stockholm,CA
Clark,Sapsford,csapsfordl@bigcartel.com,Male,Megati Kelod,US
Timofei,Moyles,tmoylesm@bigcartel.com,Male,Cibeureum Kidul,US
Porter,Davidove,pdavidoven@si.edu,Male,Saryaghash,CN
Meg,Belmont,mbelmonto@ucoz.com,Female,Princeville,BR
Alexis,Assad,aassadp@list-manage.com,Female,Lebak,TO
Anya,Eisenberg,aeisenbergq@epa.gov,Genderfluid,Piracaia,ZA
Ida,Garry,igarryr@liveinternet.ru,Female,Šenov,AR
Theresina,Ryal,tryals@rakuten.co.jp,Female,Corumbá,US
Tina,Peterkin,tpeterkint@sphinn.com,Female,Zwolle,TR
Flinn,Bebis,fbebisu@hp.com,Male,San Ramón,VE
Asa,Nestor,anestorv@xinhuanet.com,Male,Beizhuang,JP
Fredi,Cornelisse,fcornelissew@opensource.org,Female,Vorzel’,ID
Katharyn,Nabbs,knabbsx@icq.com,Female,Butuan,IT
Hoebart,Dell Casa,hdellcasay@github.com,Male,Zelenogradsk,US
Jocko,Zaple,jzaplez@infoseek.co.jp,Male,Cigalontang,BR
Jobyna,Burnsyde,jburnsyde10@unblog.fr,Female,Huangcaotuo,US
Papageno,Markos,pmarkos11@freewebs.com,Male,Ambohitseheno,ID
Lily,Kingstne,lkingstne12@noaa.gov,Female,Jieshi,US
Nancee,Farres,nfarres13@zdnet.com,Female,Ilioúpoli,OM
Sue,Armin,sarmin14@bluehost.com,Female,Tungawan,ZA
Hertha,Swindle,hswindle15@sakura.ne.jp,Female,Xingshou,CA
Silvano,Teeney,steeney16@theglobeandmail.com,Male,Hulitu,VE
Caressa,Aleksankin,caleksankin17@histats.com,Genderfluid,Fray Luis A. Beltrán,MX
Ralph,Estick,restick18@chron.com,Male,Anyama,US
Jimmie,Daulby,jdaulby19@dagondesign.com,Male,Verkhniye Kigi,BR
Fonzie,Harefoot,fharefoot1a@hhs.gov,Male,Kimovsk,US
Flory,Hrynczyk,fhrynczyk1b@nymag.com,Female,Hangou,US
Rogers,Godfrey,rgodfrey1c@sohu.com,Male,Divo,US
Wit,Playdon,wplaydon1d@state.tx.us,Genderqueer,Manning,US
Elisha,Happel,ehappel1e@mapquest.com,Male,Kunvald,US
Rowe,Filgate,rfilgate1f@nsw.gov.au,Female,Gechuan,CU
Carleton,Juszczak,cjuszczak1g@harvard.edu,Male,Belos Ares,ID
Bernita,Bourthoumieux,bbourthoumieux1h@hexun.com,Female,Vila Verde,US
Alistair,Danzig,adanzig1i@elegantthemes.com,Male,Huangshanguan,ZA
Danie,Hungerford,dhungerford1j@walmart.com,Male,Néa Karváli,CN
Rhodie,Leas,rleas1k@accuweather.com,Female,Wola Uhruska,US
Gar,Genge,ggenge1l@multiply.com,Male,Yuxi,AU
Marvin,Hacquard,mhacquard1m@wikia.com,Male,Nishi-Tokyo-shi,VE
Sasha,Mirando,smirando1n@tmall.com,Female,Obas,PG
Willie,Gifford,wgifford1o@geocities.jp,Male,Eira da Pedra,MG
Andrea,Royste,aroyste1p@vk.com,Female,Olyka,RU
Sayre,Redfield,sredfield1q@dell.com,Male,Chynów,US
Winslow,Milazzo,wmilazzo1r@zimbio.com,Male,Colares,NA
Maureene,Andor,mandor1s@joomla.org,Female,Manis Mekarwangi,IT
Meggi,Greatland,mgreatland1t@bbc.co.uk,Female,Stráž,BR
Andrea,Wontner,awontner1u@ted.com,Male,Jakhaly,AU
Filippo,Birtles,fbirtles1v@icq.com,Male,Laotai,IN
Modesta,Wellbeloved,mwellbeloved1w@reference.com,Female,Muroran,ZA
Fedora,Van den Velde,fvandenvelde1x@jalbum.net,Female,Kuroda,RU
Emalee,Aspy,easpy1y@oracle.com,Female,Mikhaylovsk,KY
Clayborn,Threadgall,cthreadgall1z@wsj.com,Male,Plaški,IN
Dosi,Spellar,dspellar20@deliciousdays.com,Genderfluid,Reisjärvi,TZ
Jeralee,Lightfoot,jlightfoot21@tinyurl.com,Female,Mīrābād,NO
Chandler,Dench,cdench22@amazon.com,Bigender,Araripina,RE
Amber,Sinnott,asinnott23@earthlink.net,Female,Rossosh’,CO
Bliss,Balwin,bbalwin24@indiatimes.com,Female,Kobylanka,ID
Tremain,Salsberg,tsalsberg25@cbslocal.com,Male,Oitui,MW
Ninnetta,Dacre,ndacre26@bbb.org,Female,Mishima,US
Cosimo,Yakushkin,cyakushkin27@ucsd.edu,Male,Greensboro,US
Celka,Pieterick,cpieterick28@buzzfeed.com,Female,Khlong Yai,ZA
Catie,Howcroft,chowcroft29@economist.com,Female,Miskolc,SD
Suzy,Folbigg,sfolbigg2a@bloglines.com,Female,Kalajoki,ET
Vilhelmina,Brum,vbrum2b@list-manage.com,Female,Santa Ana,EE
Rhea,Moyne,rmoyne2c@ow.ly,Female,Dowr-e Rabāţ,AU
Rudolf,Slimings,rslimings2d@comcast.net,Male,Pasauran,GY
Erich,Kennagh,ekennagh2e@globo.com,Male,Baima,YE
Hayden,Whichelow,hwhichelow2f@prlog.org,Male,Agía Triáda,US
Adrienne,Bosman,abosman2g@answers.com,Female,Anambongan,CO
Cyrillus,Moylan,cmoylan2h@ow.ly,Male,Huangshan,ZA
Merv,Kinsley,mkinsley2i@newsvine.com,Male,Yuezhao,US
Gerik,Menichini,gmenichini2j@nih.gov,Male,Besao,PH
Mala,Goricke,mgoricke2k@cmu.edu,Female,Barra,GB
Brook,Yakunin,byakunin2l@typepad.com,Male,Kedian,AU
Florella,Sustin,fsustin2m@bing.com,Female,Krajan,US
Warden,Etuck,wetuck2n@npr.org,Male,San Diego,US
Philip,Kingaby,pkingaby2o@zdnet.com,Male,Verkhnya Syrovatka,BR
Tadio,Cappell,tcappell2p@sitemeter.com,Male,Kurayoshi,JP
Dario,Vick,dvick2q@shinystat.com,Non-binary,Trudovoye,CM
Antonina,Blore,ablore2r@is.gd,Female,Centralniy,JP
Joeann,Raggett,jraggett2s@sina.com.cn,Female,Guleluke,US
Madelaine,Norquay,mnorquay2t@toplist.cz,Female,Talā,PL
Winthrop,Le Lievre,wlelievre2u@huffingtonpost.com,Male,Ban Mai,AU
Andrus,Illesley,aillesley2v@ucoz.com,Male,Mobile,ES
Wallie,Porteous,wporteous2w@admin.ch,Female,Prosperous,CN
Viv,Josovich,vjosovich2x@1und1.de,Female,Masina,AU
Inga,Pleaden,ipleaden2y@sohu.com,Female,San Enrique,TH
Renato,Biglin,rbiglin2z@arstechnica.com,Male,Prilep,PG
Rosette,Baulk,rbaulk30@google.ca,Non-binary,Batan,NO
Peterus,Andriolli,pandriolli31@naver.com,Male,Mentaras,SA
Nels,Torricella,ntorricella32@macromedia.com,Male,Hamburg Sankt Pauli,ML
Torry,Guitonneau,tguitonneau33@sphinn.com,Male,Obollo-Afor,MX
Meggi,Burcombe,mburcombe34@livejournal.com,Female,Nangalimang,PG
Nanon,Sharpous,nsharpous35@zimbio.com,Female,Karangnongko,CL
Cloe,Tipping,ctipping36@foxnews.com,Female,Sladna,AU
Dag,Wolverson,dwolverson37@yelp.com,Male,Demerval Lobão,LK
Les,Berntssen,lberntssen38@wikia.com,Male,Steblevë,US
Philipa,Hathway,phathway39@sina.com.cn,Non-binary,Tabasalu,KZ
Tracy,Haysey,thaysey3a@qq.com,Male,Boise,LR
Georgia,Filimore,gfilimore3b@wordpress.com,Polygender,Kočevje,ZA
Nate,Maccrae,nmaccrae3c@paginegialle.it,Male,Doom,KH
Walliw,Danser,wdanser3d@ustream.tv,Female,Angochi,US
Itch,Baunton,ibaunton3e@pagesperso-orange.fr,Polygender,Sherpur,JP
Candis,Kleinschmidt,ckleinschmidt3f@hibu.com,Female,Musan-ŭp,BR
Jaquelin,Goggin,jgoggin3g@chronoengine.com,Female,Baní,US
Montgomery,Wimms,mwimms3h@google.nl,Male,Tazarine,CA
Ade,Lomasney,alomasney3i@unc.edu,Genderqueer,Khōst,PG
Jesse,Grimsey,jgrimsey3j@yale.edu,Male,RMI Capitol,US
Rosina,Gearing,rgearing3k@adobe.com,Female,Pante Raja,ID
Raquela,Warde,rwarde3l@posterous.com,Female,Na Yung,GR
Allin,Fiddian,afiddian3m@china.com.cn,Male,Bonthe,PG
Quintina,Gettone,qgettone3n@walmart.com,Female,Ndélé,PK
Janot,Ornells,jornells3o@dot.gov,Non-binary,Basarabeasca,US
Allegra,Riba,ariba3p@blogger.com,Female,Patos de Minas,US
Godwin,Devenny,gdevenny3q@ebay.co.uk,Male,Qingjiangqiao,RU
Derril,Cowoppe,dcowoppe3r@twitter.com,Male,Wupu,US
Malina,Hawkridge,mhawkridge3s@pen.io,Female,Zeqin,US
Holli,Vaughan,hvaughan3t@independent.co.uk,Female,Paseka,RU
Alyda,Prawle,aprawle3u@t.co,Polygender,Cikadongdong,US
Margy,Hardesty,mhardesty3v@guardian.co.uk,Female,Lipnica Wielka,US
Douglass,Amey,damey3w@huffingtonpost.com,Male,Wangbuzhuang,CI
Rosabel,Phillip,rphillip3x@upenn.edu,Female,Ribeira das Taínhas,AU
Terrill,Matous,tmatous3y@microsoft.com,Male,Řečany nad Labem,MC
Cthrine,Pleass,cpleass3z@auda.org.au,Female,Medovene,ZA
Nigel,Switsur,nswitsur40@nymag.com,Male,Cayna,NA
Cathy,Welfare,cwelfare41@webs.com,Female,Sepahua,PG
Derry,Forsbey,dforsbey42@bloglines.com,Male,Karachi,PK
Cleveland,Sinnie,csinnie43@theatlantic.com,Male,Sanzhou,BS
Othella,Broom,obroom44@walmart.com,Polygender,Datian,CO
Dicky,Troop,dtroop45@studiopress.com,Male,Sumbawa Besar,PG
Ferdy,Gregorace,fgregorace46@sun.com,Male,Kalanguy,US
Claresta,Wysome,cwysome47@1688.com,Female,Villeurbanne,AO
Kristi,Goodday,kgoodday48@deviantart.com,Female,Saint-Dizier,CA
Albert,MacAllaster,amacallaster49@vimeo.com,Male,Sidomulyo Kulon,AU
Edmon,Bird,ebird4a@baidu.com,Male,Jīsh,MH
Bram,Gisburne,bgisburne4b@webmd.com,Male,Nueva Ocotepeque,RU
Jon,Finnick,jfinnick4c@slashdot.org,Male,Hamburg Bramfeld,CA
Enrico,Kildea,ekildea4d@bluehost.com,Male,Trnovska Vas,ID
Korella,Tewkesberry,ktewkesberry4e@earthlink.net,Female,Osorno,VE
Nap,Aslen,naslen4f@taobao.com,Male,Erími,PG
Caralie,Cullnean,ccullnean4g@yale.edu,Genderqueer,Phùng,SY
Caldwell,Oakden,coakden4h@about.me,Male,Pruszków,IR
Pedro,Tummasutti,ptummasutti4i@tamu.edu,Male,Kandava,US
Stevie,Cases,scases4j@bing.com,Male,Buritama,CR
Carmelia,Bruhnicke,cbruhnicke4k@yahoo.com,Female,Zhangzhu,CO
Derwin,Rabier,drabier4l@fda.gov,Male,Danyang,ET
Aurelea,Maddigan,amaddigan4m@feedburner.com,Female,Suicheng,US
Cletis,Larrington,clarrington4n@indiegogo.com,Polygender,Barubandung,GR
Lona,Jeayes,ljeayes4o@yandex.ru,Female,Nianyushan,US
Barry,Fayre,bfayre4p@bravesites.com,Male,Karangsembung,CA
Ike,Menelaws,imenelaws4q@japanpost.jp,Male,Otllak,CA
Deane,Got,dgot4r@umn.edu,Female,Nanchoc,US
Tootsie,Kunzler,tkunzler4s@jiathis.com,Female,Divo,IN
Tybi,Chaytor,tchaytor4t@seattletimes.com,Female,Zhouzhuang,CD
Rodd,Bewshaw,rbewshaw4u@guardian.co.uk,Male,Kapatagan,LS
Dorita,Denisot,ddenisot4v@amazon.co.uk,Female,Oslo,KR
Marlene,Gossage,mgossage4w@deviantart.com,Female,Tashang,MX
Jonie,Keyzor,jkeyzor4x@walmart.com,Female,Rájec-Jestřebí,MG
Gordan,Geydon,ggeydon4y@geocities.com,Male,Samobor,MV
Andie,Gobel,agobel4z@opensource.org,Male,Phra Pradaeng,PF
Barrett,Blincoe,bblincoe50@odnoklassniki.ru,Male,Wangge’ertang,YE
Gerome,Wickmann,gwickmann51@addtoany.com,Male,Dingbu,ID
Shaylynn,Coneron,sconeron52@gnu.org,Female,Macun,MZ
Chery,Graysmark,cgraysmark53@washingtonpost.com,Female,Dąbrowa,ID
Karyn,Azemar,kazemar54@ucoz.ru,Female,Santa Cruz,US
Elvis,Sarjeant,esarjeant55@google.de,Male,Gresik,MM
Antoni,Garwood,agarwood56@twitpic.com,Male,Mujiangping,PG
Felicia,Pleace,fpleace57@bloomberg.com,Female,Hongwei,IN
Nikki,Guess,nguess58@seattletimes.com,Male,Islamey,AU
Ric,Pietz,rpietz59@constantcontact.com,Male,Vitarte,ID
Shaun,Egel,segel5a@rakuten.co.jp,Female,Dayuan,FR
Forest,O'Carmody,focarmody5b@usgs.gov,Non-binary,Kampungtengah,PR
Gloriane,Zannelli,gzannelli5c@redcross.org,Female,Kliteh,KN
Maximilianus,Klulik,mklulik5d@eventbrite.com,Male,Xinji,SE
Lyndsey,Gookey,lgookey5e@businesswire.com,Genderqueer,Nong Don,RU
Derrik,Bodimeade,dbodimeade5f@wikia.com,Male,Chorotis,US
Durant,Coudray,dcoudray5g@seattletimes.com,Male,Horta,RO
Cristi,Forbear,cforbear5h@omniture.com,Female,Jingouhe,US
Xever,Itscovitz,xitscovitz5i@msu.edu,Male,Houping,SK
Ambrosio,Wisher,awisher5j@list-manage.com,Male,Lacabamba,PG
Sydel,Levison,slevison5k@samsung.com,Female,Longxing,SB
Kennett,Mollison,kmollison5l@last.fm,Male,Suidong,MG
Andras,Quinet,aquinet5m@vistaprint.com,Polygender,San Antonio,BM
Nariko,Cleminshaw,ncleminshaw5n@gravatar.com,Female,Shinaihai,PH
Giacopo,McDiarmid,gmcdiarmid5o@dot.gov,Male,Hlusk,CA
Damita,McArthur,dmcarthur5p@elegantthemes.com,Female,Agía Foteiní,TD
Helaina,Phillpot,hphillpot5q@vimeo.com,Female,Tōbetsu,AU
Tove,Rowbottom,trowbottom5r@360.cn,Female,Brok,CL
Cos,Smales,csmales5s@cisco.com,Male,Kelmė,AU
Loutitia,Seatter,lseatter5t@bing.com,Female,Bałtów,AU
Tanny,Spellacy,tspellacy5u@constantcontact.com,Male,København,US
Mei,Di Filippo,mdifilippo5v@paypal.com,Female,Pevek,AO
Jayne,Le Merchant,jlemerchant5w@e-recht24.de,Female,Loutrá,CL
Sharla,Dono,sdono5x@toplist.cz,Polygender,Klumpit,LK
Hugo,Madsen,hmadsen5y@disqus.com,Male,Żywiec,US
Randi,Dakhov,rdakhov5z@blogs.com,Female,Sutton,CO
Hazlett,Gowenlock,hgowenlock60@cdbaby.com,Male,Salyan,CL
Joshuah,Blincowe,jblincowe61@linkedin.com,Male,Kudang,HN
Sebastiano,Revely,srevely62@va.gov,Male,White Rock,RU
Gerianna,Brereton,gbrereton63@jiathis.com,Female,Bacun,TR
Shaughn,Charlewood,scharlewood64@domainmarket.com,Male,Osasco,RU
Yurik,Force,yforce65@comsenz.com,Male,Taclobo,GB
Goober,Bendan,gbendan66@cam.ac.uk,Male,Guimba,US
Ethyl,Doghartie,edoghartie67@bravesites.com,Female,Sośnicowice,KP
Thatch,Signe,tsigne68@who.int,Male,Aldeia da Bela Vista,FR
Alfy,Flaune,aflaune69@si.edu,Polygender,Trondheim,AF
Lanae,Kehir,lkehir6a@github.com,Female,Jetafe,GT
Ardelle,Boards,aboards6b@statcounter.com,Female,Světlá nad Sázavou,PG
Witty,Beresford,wberesford6c@friendfeed.com,Male,Den Haag,CM
Marcy,Keeton,mkeeton6d@mac.com,Female,Trzin,PK
Kahlil,Renneke,krenneke6e@hp.com,Male,Kunčina,IN
Blaire,Mistry,bmistry6f@yahoo.co.jp,Female,Marilao,CN
Welby,Spellacey,wspellacey6g@walmart.com,Non-binary,Hushi,US
Klaus,Summerbell,ksummerbell6h@wp.com,Male,Oesao,CA
Catlee,Durtnel,cdurtnel6i@g.co,Female,Phra Phrom,US
Gus,Havenhand,ghavenhand6j@timesonline.co.uk,Female,El Escanito,US
Nari,Large,nlarge6k@newsvine.com,Non-binary,Caen,AU
Silva,Bottleson,sbottleson6l@skype.com,Genderqueer,Panevėžys,CA
Hollyanne,Saltsberger,hsaltsberger6m@amazon.de,Female,Adorjan,US
Karry,Cattellion,kcattellion6n@freewebs.com,Female,Xiaozhoushan,AU
Stanislaw,Edgworth,sedgworth6o@ucoz.ru,Male,Yangping,ES
Desiri,Grabb,dgrabb6p@4shared.com,Female,Punta Hermosa,CN
Catrina,Spurman,cspurman6q@spiegel.de,Female,Luzhai,AO
Jillana,Hartopp,jhartopp6r@odnoklassniki.ru,Female,Rimbo,GB
Tallia,Jindrich,tjindrich6s@geocities.jp,Polygender,Erdu,US
Janeta,Henlon,jhenlon6t@twitter.com,Female,São Sebastião,CN
Sly,Meugens,smeugens6u@hc360.com,Male,Kuching,AU
Mei,Stodit,mstodit6v@bluehost.com,Female,Porto-Novo,MM
Allegra,Haney,ahaney6w@shutterfly.com,Female,Angelochóri,PG
Callie,Ridout,cridout6x@reddit.com,Genderfluid,Tunggaoen Timur,HR
Gilburt,Allcock,gallcock6y@techcrunch.com,Male,Lesozavodsk,GB
Emylee,Lowden,elowden6z@hud.gov,Female,Kertahayu,AU
Torrence,Geddis,tgeddis70@naver.com,Male,Maca,BZ
Horatia,Gerraty,hgerraty71@state.gov,Female,Isnā,US
Jamie,Freeland,jfreeland72@illinois.edu,Genderfluid,Golina,NI
Arv,Exon,aexon73@yelp.com,Male,Tonoas Municipal Building,IE
Bernie,Clayill,bclayill74@europa.eu,Male,Nogueira do Cravo,US
Antonie,Thorowgood,athorowgood75@gov.uk,Female,Goianésia,MV
Isaac,Crudginton,icrudginton76@gmpg.org,Male,Betulia,BR
Tine,Abrahm,tabrahm77@taobao.com,Polygender,Privlaka,SO
Glenda,Widdecombe,gwiddecombe78@rediff.com,Female,Micheng,SD
Peg,Darey,pdarey79@businessweek.com,Genderqueer,Gawanan,ID
Georgena,Dibb,gdibb7a@vk.com,Female,Nangang,AU
Olin,Arkwright,oarkwright7b@usa.gov,Male,Rungkam,TN
Carr,Mellers,cmellers7c@xinhuanet.com,Male,Daet,CN
Kamilah,Sissot,ksissot7d@webeden.co.uk,Female,Yajiang,US
Dyana,Cuxon,dcuxon7e@xrea.com,Female,Simbal,UA
Lewes,Summerlie,lsummerlie7f@guardian.co.uk,Male,Spanish Wells,US
Mallorie,Schleswig-Holstein,mschleswigholstein7g@taobao.com,Female,Cabudare,CA
Cammy,Vigietti,cvigietti7h@discuz.net,Female,Žalec,CA
Victoria,Neles,vneles7i@salon.com,Female,Natu,SS
Aloin,Mahaffey,amahaffey7j@gmpg.org,Male,Qingyun,US
Anthia,Cass,acass7k@imgur.com,Bigender,Vicuña Mackenna,NG
Anne-marie,Van Halle,avanhalle7l@istockphoto.com,Polygender,Belém,US
Jacquie,Boken,jboken7m@is.gd,Female,Zhuyang,CA
Archibald,Storry,astorry7n@walmart.com,Male,Mayrtup,CO
Sauveur,Chalcot,schalcot7o@i2i.jp,Male,Fernández,BR
Julian,Lloyds,jlloyds7p@fema.gov,Male,Yuta,CA
Sinclair,MacGrath,smacgrath7q@hatena.ne.jp,Male,Yungay,US
Vinson,Hearse,vhearse7r@gizmodo.com,Male,Samamiya,PK
Emanuele,McGriele,emcgriele7s@wordpress.com,Male,Rila,US
Carleton,Inott,cinott7t@163.com,Male,Komendantsky aerodrom,AU
Beryl,Castagneto,bcastagneto7u@lulu.com,Female,Santol,US
Rice,Carville,rcarville7v@last.fm,Male,Créteil,BR
Belita,Fussie,bfussie7w@reverbnation.com,Female,Austin,AR
Haven,Elsbury,helsbury7x@newsvine.com,Non-binary,Tanjungluar,AU
Aubine,Purchon,apurchon7y@dropbox.com,Genderfluid,Taozhuang,CN
Pall,Diggles,pdiggles7z@naver.com,Male,Matou,US
Rosene,Sposito,rsposito80@umich.edu,Female,Yaozhuang,PH
Averell,Chifney,achifney81@unicef.org,Male,Zhoujiadian,NO
Early,Critchell,ecritchell82@bizjournals.com,Male,Kandun,US
Emmerich,Wildbore,ewildbore83@scientificamerican.com,Male,Lombog,BR
Vick,Bruntjen,vbruntjen84@google.com.br,Non-binary,Lamía,SL
Nevile,Strowan,nstrowan85@ow.ly,Male,Ibung,CA
Flint,Longridge,flongridge86@php.net,Male,Kupchino,ID
Howard,Dodgson,hdodgson87@wikimedia.org,Male,Koror Town,LY
Shep,Speed,sspeed88@prweb.com,Male,Xiaojie,AU
Daloris,Tippings,dtippings89@reddit.com,Female,Choloma,PG
Fonz,Formoy,fformoy8a@linkedin.com,Male,Tangjiakou,RU
Kalil,Snoxall,ksnoxall8b@comsenz.com,Male,Maswarah,HN
Jade,Esley,jesley8c@ning.com,Female,Kebonbencoy,US
Jolene,Valero,jvalero8d@google.com.au,Female,Rafaḩ,NO
Morry,O'Dowgaine,modowgaine8e@marriott.com,Male,Korostyshiv,AR
Ede,Le Quesne,elequesne8f@yahoo.com,Female,Da’an,ES
Gwyneth,Brooker,gbrooker8g@zimbio.com,Female,Komaki,US
Olia,Blindmann,oblindmann8h@scribd.com,Female,Saint-Bruno-de-Montarville,AU
Bail,Raynor,braynor8i@purevolume.com,Male,Pawa,BR
Roland,Mitcham,rmitcham8j@github.io,Male,Nova Petrópolis,RU
Janeen,Creigan,jcreigan8k@netvibes.com,Female,Yuejin,LA
Tully,Allgood,tallgood8l@wunderground.com,Male,Gachancipá,US
Kaine,Ravelus,kravelus8m@behance.net,Male,Niños Heroes,TH
Martyn,Dallas,mdallas8n@hexun.com,Male,Sarimukti Kaler,IT
Meg,Quarless,mquarless8o@senate.gov,Female,Dong’an,BR
Clotilda,Colville,ccolville8p@pagesperso-orange.fr,Female,Akzhal,US
Louella,Kinzett,lkinzett8q@theglobeandmail.com,Female,Chư Prông,RU
Hubey,De Fraine,hdefraine8r@spotify.com,Male,Reston,PH
Sile,Oppie,soppie8s@pcworld.com,Female,Canis,AU
Penny,Lynch,plynch8t@imgur.com,Female,Tyresö,US
Ellis,Dyer,edyer8u@discovery.com,Male,Riangbaring,CN
Kimberli,Gainsboro,kgainsboro8v@hatena.ne.jp,Female,Mufumbwe,GA
Benji,Macia,bmacia8w@usatoday.com,Male,Lalagsan,IR
Fayette,Cooley,fcooley8x@printfriendly.com,Female,Santa Cruz,ES
Torey,Gurr,tgurr8y@nifty.com,Male,Saint-Denis,US
Giana,Le Houx,glehoux8z@nasa.gov,Female,El Progreso,CL
Yancy,Fer,yfer90@prlog.org,Male,Wenxi,RU
Karoly,Ferronel,kferronel91@pen.io,Male,Tangjiakou,OM
Sergei,Bence,sbence92@netvibes.com,Male,Port-au-Prince,US
Sharon,Kingswoode,skingswoode93@boston.com,Female,Xuxiake,CN
Alejandra,Shovlar,ashovlar94@mit.edu,Female,Arroio Grande,BO
Laurel,Spurway,lspurway95@digg.com,Female,Чегране,US
Kyrstin,Braemer,kbraemer96@upenn.edu,Female,Kelungkung,CN
Cyril,Endle,cendle97@list-manage.com,Male,Saint Petersburg,AU
Sergeant,Cogdon,scogdon98@intel.com,Male,Castainço,AU
Glendon,Hugland,ghugland99@nifty.com,Male,Tagapul-an,IS
Jeffy,Verring,jverring9a@columbia.edu,Agender,Louny,GR
Dieter,Frost,dfrost9b@shop-pro.jp,Male,Rongwo,CY
Katusha,Heustice,kheustice9c@harvard.edu,Female,Zabrze,PG
Penny,Simcoe,psimcoe9d@ning.com,Male,Zamora,AU
Morlee,Dimitriades,mdimitriades9e@thetimes.co.uk,Male,Utara,ZW
Marillin,Norgate,mnorgate9f@ehow.com,Female,Charras,VN
Felicity,Vina,fvina9g@amazon.com,Female,Mîndreşti,BR
Ebeneser,MacCostye,emaccostye9h@istockphoto.com,Male,Pasirmukti,US
Nomi,Lamke,nlamke9i@nbcnews.com,Female,Huhe,GN
Ferdy,Porcher,fporcher9j@mit.edu,Male,Sundawenang,PF
Deerdre,Getch,dgetch9k@unblog.fr,Female,Xibu,ME
Farica,Brisco,fbrisco9l@state.gov,Bigender,Kimakamak,US
Leeland,Ensor,lensor9m@statcounter.com,Male,Jianfeng,AU
Bronnie,Soall,bsoall9n@apple.com,Male,Wenjī,DE
Davidde,Flobert,dflobert9o@uol.com.br,Male,Ituiutaba,US
Monika,Dew,mdew9p@flavors.me,Female,Sangiang,RU
Austin,Biswell,abiswell9q@marketwatch.com,Female,Mölndal,BA
Alvina,Whatley,awhatley9r@posterous.com,Polygender,Benjamín Aceval,US
Zeb,Townsend,ztownsend9s@paypal.com,Male,Lom Kao,CO
Jeni,Hagley,jhagley9t@abc.net.au,Non-binary,Krajan Karangwage,NG
Elsy,Meineck,emeineck9u@foxnews.com,Female,Nenagh,LA
Wyatan,Messum,wmessum9v@apple.com,Agender,Taguisa,PA
Johanna,Moggach,jmoggach9w@tinypic.com,Female,Iranduba,CA
Isador,Gibling,igibling9x@photobucket.com,Male,Podhum,US
Nobie,Bobasch,nbobasch9y@woothemes.com,Male,Jimaguayú,US
Henryetta,Borrell,hborrell9z@blogs.com,Female,Pak Kret,KE
Gunar,Gledhall,ggledhalla0@discuz.net,Genderqueer,Arbuzynka,UZ
Ermina,Swinyard,eswinyarda1@pen.io,Female,Camajuaní,CA
Lucius,Fellon,lfellona2@answers.com,Male,Bamenda,US
Myra,Espino,mespinoa3@odnoklassniki.ru,Female,Ostashkov,US
Rafferty,Springate,rspringatea4@discuz.net,Male,Kiarajangkung,AO
Lorrie,Jakoubec,ljakoubeca5@reference.com,Female,Stockholm,EC
Brewer,Lynas,blynasa6@tinypic.com,Polygender,Tres Isletas,AU
Sanderson,Kliement,skliementa7@admin.ch,Male,Jos,CN
Odette,Kun,okuna8@cnn.com,Genderfluid,Venado Tuerto,CA
Constantino,Riccione,criccionea9@ca.gov,Male,Yancheng,US
Taddeo,Berka,tberkaaa@fema.gov,Male,Zhufo,TH
Archibaldo,Holbury,aholburyab@va.gov,Male,Los Pinos,PH
Josee,Mahady,jmahadyac@umich.edu,Female,Jurh,CL
Maurine,Bidewel,mbidewelad@globo.com,Female,Purorejo,CA
Elden,Lintall,elintallae@newsvine.com,Male,Árta,JP
Jade,Gormally,jgormallyaf@apache.org,Genderqueer,Haiphong,PG
Welby,Bucky,wbuckyag@shinystat.com,Male,Shalushka,BR
Siward,Dudeney,sdudeneyah@patch.com,Male,Xinxu,CL
Elaina,Knevet,eknevetai@smh.com.au,Female,Mikhaylovka,SA
Stevena,Croson,scrosonaj@google.com.br,Female,Jiang’an,XK
Nye,McMinn,nmcminnak@live.com,Male,Douala,CO
Colman,Dillimore,cdillimoreal@usgs.gov,Male,Pirapora do Bom Jesus,AR
Tobin,Sanders,tsandersam@vistaprint.com,Male,San Martín Zapotitlán,IE
Jordan,Dominelli,jdominellian@hibu.com,Female,Nova Iguaçu,ID
Loy,Spinas,lspinasao@icq.com,Male,Liangzeng,US
Jessie,Nast,jnastap@si.edu,Male,Anchorage,ID
Joshia,Batterton,jbattertonaq@csmonitor.com,Male,Dedza,BR
Blanche,Huscroft,bhuscroftar@biglobe.ne.jp,Female,Shaba,GA
Anthea,Tricker,atrickeras@guardian.co.uk,Female,Beau Vallon,US
Maegan,Dubique,mdubiqueat@umn.edu,Female,Lieyu,CU
Cari,Baszniak,cbaszniakau@usda.gov,Female,Shicong,US
Pinchas,Troke,ptrokeav@facebook.com,Male,Ngujuran,LA
Lenee,Dockray,ldockrayaw@gmpg.org,Female,Taganskiy,NP
Colline,Fittall,cfittallax@nifty.com,Female,Ševica,BR
Ozzy,Foote,ofooteay@bluehost.com,Male,Lumbatan,PG
Brenn,Chattoe,bchattoeaz@dyndns.org,Female,Zagórnik,US
Sal,Graysmark,sgraysmarkb0@amazon.com,Female,Cibeureum,US
Eachelle,Gowans,egowansb1@cloudflare.com,Female,Yamango,IR
Damiano,Beament,dbeamentb2@nbcnews.com,Male,Gon’ba,AU
Jacinthe,Lanning,jlanningb3@wired.com,Female,Leduc,US
Farlie,Fisby,ffisbyb4@istockphoto.com,Agender,Al Qurayshīyah,CN
Eddy,Wolfers,ewolfersb5@state.gov,Male,Huntington,US
Elysia,Gwinnell,egwinnellb6@seesaa.net,Female,Maştağa,US
Shawnee,Brownlea,sbrownleab7@linkedin.com,Female,Ресен,WF
Raul,O' Mullane,romullaneb8@elpais.com,Male,Petaling Jaya,US
Dulcia,Stych,dstychb9@prweb.com,Female,Ust’-Labinsk,AF
Stinky,Dannell,sdannellba@amazon.co.jp,Male,Linglu,ML
Lazaro,Balsillie,lbalsilliebb@bandcamp.com,Male,Jishigang,SA
Rhianna,Gretham,rgrethambc@dmoz.org,Non-binary,Mértola,IT
Tommie,Causon,tcausonbd@addtoany.com,Male,Aubervilliers,CA
Lia,McLeman,lmclemanbe@quantcast.com,Female,Świdnica,ET
Cori,Baythrop,cbaythropbf@mapquest.com,Non-binary,Karak City,US
Francklyn,Barnsdall,fbarnsdallbg@elegantthemes.com,Male,Kotabaru,CN
Giffy,Duckham,gduckhambh@examiner.com,Male,Newport News,CN
Tymon,Kirkam,tkirkambi@sciencedaily.com,Male,Shapaja,PG
Baxy,Tellwright,btellwrightbj@pinterest.com,Male,Caxias do Sul,CA
Nadine,Padell,npadellbk@cornell.edu,Female,Isnā,PT
Lily,Cowp,lcowpbl@last.fm,Female,Swedru,MG
Abba,Bartlet,abartletbm@bbc.co.uk,Male,São Paio de Seide,SE
Darb,Ind,dindbn@wunderground.com,Male,Dalu,PG
Nicol,Aleksidze,naleksidzebo@twitter.com,Male,Livadiya,RU
Tabby,Billin,tbillinbp@ezinearticles.com,Non-binary,Babakan,NO
Melitta,Lorne,mlornebq@adobe.com,Bigender,Iłowa,VE
Pris,Jodrelle,pjodrellebr@elpais.com,Female,Cardal,AR
Zorana,Concannon,zconcannonbs@pen.io,Female,Oslo,CO
Diane-marie,Mateiko,dmateikobt@youtu.be,Female,Lajarik,US
Sergei,Beecham,sbeechambu@freewebs.com,Male,La Mesa,US
Patty,Sautter,psautterbv@wikimedia.org,Male,Kawerau,HT
Alexandros,Abelwhite,aabelwhitebw@artisteer.com,Male,Aniso,US
Julius,Taylour,jtaylourbx@cbsnews.com,Male,Tegina,CN
Katie,Search,ksearchby@msn.com,Female,Alpiarça,US
Cal,Malzard,cmalzardbz@marriott.com,Male,Makadi Bay,AU
Zuzana,Rechert,zrechertc0@yahoo.co.jp,Female,Nevel’,US
Domini,Derrington,dderringtonc1@bizjournals.com,Female,Koumra,RU
Channa,Cochern,ccochernc2@1688.com,Female,Puan,CN
Gunter,Allday,galldayc3@ning.com,Male,Gowarczów,CV
Mead,Bortoli,mbortolic4@chron.com,Male,Āshtīān,AU
Cass,Headford,cheadfordc5@tamu.edu,Male,Wanhu,AR
Chet,Stubbes,cstubbesc6@mapquest.com,Male,Kericho,GB
Mel,Bratton,mbrattonc7@slate.com,Male,Silae,KE
Chris,Bygreaves,cbygreavesc8@typepad.com,Male,Seltjarnarnes,US
Stanfield,Merit,smeritc9@telegraph.co.uk,Male,Shuakhevi,SO
Sherill,Scading,sscadingca@cnn.com,Female,At Tall al Kabīr,BR
Arley,Mooney,amooneycb@ebay.co.uk,Male,Citarik,US
Iggie,Ahren,iahrencc@drupal.org,Male,Margate,MA
Myrvyn,Davenall,mdavenallcd@engadget.com,Male,Tha Tako,IT
Appolonia,Giacobbo,agiacobboce@163.com,Female,Ban Huai Thalaeng,MR
Lonni,Arnaudot,larnaudotcf@newsvine.com,Female,Shazhuang,CA
Analise,Huey,ahueycg@goo.gl,Female,Yong’an,US
Vivien,Nowak,vnowakch@cpanel.net,Female,Al Hoceïma,US
Hyatt,Gammill,hgammillci@mapquest.com,Male,Kolç,CN
Jerri,Lacroutz,jlacroutzcj@unc.edu,Male,Dongke,US
Clemens,Caulliere,ccaulliereck@yale.edu,Male,Mukacheve,SG
Felice,Weed,fweedcl@ebay.co.uk,Female,Agua Fría,MN
Conni,Telega,ctelegacm@dailymail.co.uk,Female,Castelsarrasin,US
Artemis,McAreavey,amcareaveycn@nbcnews.com,Male,Morocelí,IN
Niven,Simka,nsimkaco@godaddy.com,Male,Sukaharja,KP
Fair,Thewlis,fthewliscp@nymag.com,Male,Rovensko pod Troskami,GB
Rocky,Sheekey,rsheekeycq@usda.gov,Male,Portumna,ZA
Guendolen,Souness,gsounesscr@webmd.com,Bigender,Selenicë,AD
Fayre,Kinrade,fkinradecs@wunderground.com,Female,Ciudad Sandino,FJ
Udall,Allain,uallainct@shinystat.com,Male,Zhongben,CN
Jamie,Walls,jwallscu@flickr.com,Male,Gombong,PG
Mirna,Pettitt,mpettittcv@china.com.cn,Bigender,Ljungbyholm,RU
Vern,Kalinovich,vkalinovichcw@cargocollective.com,Male,Saba Yoi,US
Nealon,Stockdale,nstockdalecx@sogou.com,Male,Jampang Tengah,CA
Mellicent,Everard,meverardcy@fastcompany.com,Female,Wolomarang,CA
Neal,Stolze,nstolzecz@over-blog.com,Male,Páno Polemídia,US
Edeline,Alway,ealwayd0@spotify.com,Female,Imeni Tsyurupy,FI
Johnette,Lukash,jlukashd1@liveinternet.ru,Female,Balabac,CU
Florinda,Penning,fpenningd2@cornell.edu,Female,Huilelot,EC
Kellsie,Huggill,khuggilld3@qq.com,Agender,Aparecida,VU
Chevalier,Fintoph,cfintophd4@jimdo.com,Male,Hamakita,LR
Sarge,de Courcey,sdecourceyd5@google.com.au,Male,Abashiri,US
Heywood,Sherrott,hsherrottd6@tumblr.com,Male,Songbai,AU
Eileen,Meikle,emeikled7@mediafire.com,Female,Adelaide Mail Centre,CN
Torrie,Ganing,tganingd8@miibeian.gov.cn,Female,Yinjiang,PG
Ward,McIlraith,wmcilraithd9@tripod.com,Male,Jingxiyuan,ID
Hollis,Howlett,hhowlettda@people.com.cn,Male,Kahuripan,US
Corinne,Ewins,cewinsdb@europa.eu,Female,Huaquillas,DZ
Carlita,Wildes,cwildesdc@virginia.edu,Female,La Tebaida,FR
Kristyn,Bigham,kbighamdd@cafepress.com,Female,Thaon-les-Vosges,US
Kelvin,McLernon,kmclernonde@adobe.com,Male,Sholokhove,US
Davey,Dilston,ddilstondf@mashable.com,Male,Železniki,GR
Claus,Cawston,ccawstondg@psu.edu,Male,Heping,US
Richard,Farnes,rfarnesdh@cmu.edu,Male,Piraí do Sul,PH
Pete,Marshland,pmarshlanddi@google.cn,Male,Landivisiau,CA
Bartram,Brotherick,bbrotherickdj@unesco.org,Male,Zahedan,US
Humphrey,Stilgo,hstilgodk@usa.gov,Agender,Sukacai Tengah,BR
Elfrieda,Luppitt,eluppittdl@slate.com,Female,Andop,CR
Jaymie,Massinger,jmassingerdm@prweb.com,Male,Ciparakan,PS
Kevan,Kurton,kkurtondn@parallels.com,Male,Bački Breg,ID
Wernher,Fritche,wfritchedo@smugmug.com,Male,Heyan,JP
Wilhelm,Pirdue,wpirduedp@odnoklassniki.ru,Male,Tayabo,UY
Leoine,Smale,lsmaledq@tuttocitta.it,Female,Castanheira de Pêra,ZA
Anastasia,Stoller,astollerdr@imgur.com,Female,Parintins,NP
Blinny,Eldridge,beldridgeds@ask.com,Female,Eirunepé,TR
Shurlocke,Kinnerk,skinnerkdt@is.gd,Male,Gualeguay,US
Hercules,Pudner,hpudnerdu@hp.com,Male,Dumbéa,PG
Rudolf,Von Der Empten,rvonderemptendv@github.io,Male,Oliveira do Conde,DE
Clementius,Dorrance,cdorrancedw@nba.com,Male,Yuncheng,AU
Rodolphe,Feldheim,rfeldheimdx@theatlantic.com,Male,San José de La Montaña,DE
Alaric,Seppey,aseppeydy@weibo.com,Male,Hepo,US
Finn,Eblein,febleindz@t.co,Male,Penápolis,US
Corenda,Gertray,cgertraye0@multiply.com,Female,Knyszyn,CN
Bren,Mackro,bmackroe1@walmart.com,Male,Selopuro,KR
Nikolaos,Mableson,nmablesone2@nature.com,Male,Nyanza,KZ
Brittne,Bimson,bbimsone3@wikispaces.com,Female,Leles,BR
Phaedra,Collingridge,pcollingridgee4@vkontakte.ru,Genderfluid,Rowokangkung,NI
Abdel,Denisard,adenisarde5@indiegogo.com,Male,Sidaohezi,CG
Glenn,Iwanczyk,giwanczyke6@google.co.jp,Female,Thị Trấn Yên Phú,IN
Dilly,Pagram,dpagrame7@foxnews.com,Male,Tottori,BF
Jakie,Winkell,jwinkelle8@tmall.com,Non-binary,West End,BR
Chas,Clubbe,cclubbee9@newyorker.com,Male,Dodu Dua,MD
Harv,Margach,hmargachea@ameblo.jp,Male,Tengger,BF
Cate,Essery,cesseryeb@usgs.gov,Female,Yuandun,US
Inna,Halliberton,ihallibertonec@tripadvisor.com,Female,Ar Rawḑ,US
Garvin,Lanyon,glanyoned@hhs.gov,Male,Bílovice,US
Gabriele,Rieflin,grieflinee@google.ru,Male,Sindou,CM
Dario,Vittet,dvittetef@mozilla.org,Male,Malaga,RU
Anneliese,Grestie,agrestieeg@liveinternet.ru,Female,Cikiruh Wetan,IN
Ruthi,Farfolomeev,rfarfolomeeveh@free.fr,Female,Jingpeng,NP
Armin,Boffey,aboffeyei@cpanel.net,Male,Livadiya,CN
Gaylor,Gilsthorpe,ggilsthorpeej@drupal.org,Male,Podkumskiy,RU
Perceval,Floch,pflochek@wsj.com,Male,Rzeczenica,HN
Tannie,Willers,twillersel@ca.gov,Male,Gonghe,US
Dallis,deKnevet,ddeknevetem@eepurl.com,Bigender,Aix-en-Provence,CO
Woody,Baton,wbatonen@nifty.com,Male,Houxixi,IN
Wilbert,Miere,wmiereeo@woothemes.com,Male,Jabranti,US
Reeta,Dumbelton,rdumbeltonep@quantcast.com,Female,Feričanci,US
Georgeanne,Barley,gbarleyeq@washington.edu,Female,Baisha,EC
Elwin,Bowmaker,ebowmakerer@techcrunch.com,Polygender,Sunampe,FR
Bearnard,Le Franc,blefrances@techcrunch.com,Male,Pondoktelo,AU
Donal,Winspire,dwinspireet@list-manage.com,Male,Shizuoka-shi,NL
Mab,Andreazzi,mandreazzieu@columbia.edu,Non-binary,Agodim,VU
Sherry,McCathie,smccathieev@jigsy.com,Female,Nehe,PG
Briney,Navan,bnavanew@loc.gov,Female,Sere,CA
Jewelle,Franey,jfraneyex@reference.com,Polygender,Tojeira,YE
Henrieta,Woolerton,hwoolertoney@earthlink.net,Female,Chambray-lès-Tours,US
Stearn,Fance,sfanceez@elegantthemes.com,Male,Paciran,MG
Neils,Hickin,nhickinf0@wikia.com,Male,Energetik,US
Mack,Glendining,mglendiningf1@bbc.co.uk,Male,Kālābāgh,CI
Eward,Deere,edeeref2@elpais.com,Male,Colegiales,PH
Holt,Bartolomivis,hbartolomivisf3@hostgator.com,Male,Huangtan,CA
Alejoa,Sheardown,asheardownf4@ifeng.com,Male,Guhuai,PG
Dale,Gibb,dgibbf5@netlog.com,Female,Cikembar,CA
Adara,Seel,aseelf6@merriam-webster.com,Female,Beiguoyuan,AU
Lamar,Kondratowicz,lkondratowiczf7@yellowbook.com,Male,Trollhättan,US
Sherwood,Westmarland,swestmarlandf8@yelp.com,Male,Kabukarudi,ID
Francene,Megahey,fmegaheyf9@imdb.com,Bigender,Luhe,AU
Thia,Overnell,tovernellfa@uol.com.br,Female,Huze,US
Kent,Ousbie,kousbiefb@google.ru,Agender,Wuling,US
Dilan,Marian,dmarianfc@rediff.com,Male,Wufeng,AU
Caro,Uzielli,cuziellifd@opensource.org,Female,Villeurbanne,GH
Paulie,Kinleyside,pkinleysidefe@rakuten.co.jp,Female,Cruzeiro do Oeste,IN
Eunice,Rowly,erowlyff@illinois.edu,Female,Shalya,US
Marquita,Martensen,mmartensenfg@ebay.co.uk,Female,Wu’erbu Baolige,US
Lisbeth,Ruegg,lrueggfh@sakura.ne.jp,Female,Cheremshan,US
Trixy,Tarbard,ttarbardfi@dropbox.com,Female,Triwil,CA
Rosabelle,Torbard,rtorbardfj@umn.edu,Female,Borogontsy,AU
Frederica,Barbour,fbarbourfk@msu.edu,Female,Solntsevo,AU
Olivie,Maeer,omaeerfl@cyberchimps.com,Female,Figueira Castelo Rodrigo,US
Lindsay,Arton,lartonfm@tuttocitta.it,Bigender,Shanmu,DZ
Douglas,Shewan,dshewanfn@google.com.au,Male,Iracemápolis,FI
Ellissa,Reasun,ereasunfo@uol.com.br,Female,Liuji,AU
Lian,Herrema,lherremafp@goodreads.com,Female,Kharovsk,US
Madelyn,Le Grand,mlegrandfq@answers.com,Female,Sapadun,AU
Carleen,Farn,cfarnfr@freewebs.com,Female,Néa Filadélfeia,AU
Thekla,Yesipov,tyesipovfs@fastcompany.com,Female,Manturovo,CU
Dalia,Frier,dfrierft@bloomberg.com,Female,Otradnoye,MX
Alard,Conley,aconleyfu@mapquest.com,Male,Jatibonico,EG
Alli,Emer,aemerfv@examiner.com,Female,Liliongan,PG
Myca,Colly,mcollyfw@symantec.com,Male,Brloh,PR
Michaelina,Spensley,mspensleyfx@taobao.com,Female,Södertälje,CO
Travus,Neenan,tneenanfy@tamu.edu,Male,Gourma Rharous,US
Rhetta,Guyet,rguyetfz@freewebs.com,Female,Panawuan,AU
Germaine,Benasik,gbenasikg0@diigo.com,Female,Kotovo,PY
Mile,Calcut,mcalcutg1@eepurl.com,Non-binary,Laval,US
Salvatore,Pounder,spounderg2@answers.com,Male,Chenghuang,TR
Riki,Ferber,rferberg3@hugedomains.com,Female,Kubang,CA
Lynnell,Bondesen,lbondeseng4@columbia.edu,Agender,Soba,CA
Evania,Merle,emerleg5@squidoo.com,Female,Bom Despacho,BG
Sydney,Klaiser,sklaiserg6@wunderground.com,Female,Thanh Ba,ID
Selle,Vearncomb,svearncombg7@chronoengine.com,Female,Bilyayivka,US
Estevan,Whorf,ewhorfg8@gnu.org,Male,Paramaribo,MY
Christan,Mazin,cmazing9@constantcontact.com,Female,Andradas,KP
Clem,Petersen,cpetersenga@123-reg.co.uk,Non-binary,Tamatam,BR
Rutter,Darbon,rdarbongb@baidu.com,Male,Leonídio,LK
Kerr,Bartunek,kbartunekgc@utexas.edu,Male,San Juan,PG
Fritz,Swansbury,fswansburygd@dedecms.com,Male,Carpalho,TO
Nola,Scammell,nscammellge@yahoo.co.jp,Female,Malysheva,CD
Verge,Storms,vstormsgf@yandex.ru,Male,Zhenqian,CA
Richart,Bonnaire,rbonnairegg@bigcartel.com,Male,Cendagah,AU
Bartram,Joss,bjossgh@trellian.com,Male,Banān,RU
Billy,Akram,bakramgi@weibo.com,Male,Na Yong,FK
Rem,Hegley,rhegleygj@ehow.com,Male,Wewit,AU
Cindi,Janota,cjanotagk@discovery.com,Female,Susunan,IN
Care,Gimbrett,cgimbrettgl@free.fr,Male,Oklahoma City,JP
Parnell,Trayte,ptraytegm@bravesites.com,Male,Lokuuy,AU
Julianna,Signoret,jsignoretgn@skyrock.com,Female,Looc,US
Devi,Legion,dlegiongo@github.io,Female,Detroit,CM
Livvy,Bestman,lbestmangp@addthis.com,Female,Songdong,BS
Alameda,Cronk,acronkgq@mac.com,Non-binary,Kista,NG
Lanni,Ferry,lferrygr@zdnet.com,Female,Saint-Maixent-l'École,LR
Latisha,McKain,lmckaings@usda.gov,Female,Ngrowo,US
Essie,Boni,ebonigt@mashable.com,Female,Oefau,NO
Marcie,Trengrouse,mtrengrousegu@ebay.co.uk,Agender,Qiryat Yam,US
Lenee,Milner,lmilnergv@netlog.com,Polygender,Az Zuwaytīnah,BR
Foss,Wemes,fwemesgw@fc2.com,Male,Guamo,FR
Dennie,Marguerite,dmargueritegx@seesaa.net,Female,Ma'an,BW
Andee,McGlaud,amcglaudgy@hubpages.com,Female,Longxi,BF
Kale,Keyme,kkeymegz@columbia.edu,Male,Santo Niño,MW
Beverlie,Rains,brainsh0@drupal.org,Female,Arcos,RU
Gerta,Warrilow,gwarrilowh1@mysql.com,Female,Proletar,SB
Doloritas,Carlyon,dcarlyonh2@discovery.com,Female,Xinglong,BR
Mozes,Trymme,mtrymmeh3@sohu.com,Male,Tamot,GU
Sibylla,Keogh,skeoghh4@mail.ru,Female,Wang Sam Mo,CD
Tobie,Trazzi,ttrazzih5@newsvine.com,Male,Bāsht,SC
Claudius,Balogun,cbalogunh6@google.co.jp,Male,La Purisima,CA
Karoline,Fronsek,kfronsekh7@gmpg.org,Female,Shalkar,US
Damiano,Southam,dsouthamh8@va.gov,Male,Guohua,US
Marlo,Eldritt,meldritth9@nsw.gov.au,Male,Jieznas,US
Dannel,Huston,dhustonha@businessinsider.com,Male,Cueto,US
Sigvard,Comfort,scomforthb@liveinternet.ru,Male,Villa Ángela,DZ
Brand,Plewes,bpleweshc@fda.gov,Male,Longtan,US
Dasi,Andell,dandellhd@nifty.com,Female,Hallstahammar,LR
Cathryn,Pedel,cpedelhe@ibm.com,Female,Wilmington,ZM
Haskell,Hitscher,hhitscherhf@tripadvisor.com,Male,Frederiksberg,US
Roselin,Putland,rputlandhg@fastcompany.com,Female,Pszczew,CN
Averil,Litel,alitelhh@jiathis.com,Male,Balbalan,ET
Hadleigh,Golby,hgolbyhi@house.gov,Male,Lefengzhen,PG
Ransom,Refford,rreffordhj@ustream.tv,Male,Vannes,US
Tait,Craxford,tcraxfordhk@nature.com,Male,Labuhan,SB
Jasmin,Balf,jbalfhl@tmall.com,Female,Lindavista,CN
Fiorenze,Linzee,flinzeehm@1688.com,Female,Tsagaandörvölj,JP
Obadiah,Haggard,ohaggardhn@canalblog.com,Male,Madrid,BR
Quinlan,Eastby,qeastbyho@paypal.com,Male,Suvorovo,CY
Chas,Fayerman,cfayermanhp@de.vu,Male,Al Qurayn,PR
Orin,Thresher,othresherhq@example.com,Genderfluid,Dinaig,CA
Thibaud,Carlsson,tcarlssonhr@tripadvisor.com,Male,Boli,MW
Koren,Tipton,ktiptonhs@feedburner.com,Female,Vigo,US
Nollie,Pinney,npinneyht@elegantthemes.com,Male,Loikaw,US
Lowrance,Gaber,lgaberhu@nbcnews.com,Male,Beckerich,UZ
Tobias,Torrans,ttorranshv@cnet.com,Male,Espumoso,GB
Arlene,Alvin,aalvinhw@dailymotion.com,Female,Wilcza,ZA
Rodolphe,Rounce,rrouncehx@mail.ru,Male,Carvalho,KZ
Tracee,Farran,tfarranhy@bbb.org,Female,Taremskoye,AU
Tessi,Dickons,tdickonshz@alexa.com,Female,San Rafael,BR
Zack,Bayliss,zbaylissi0@omniture.com,Polygender,Sundbyberg,US
Ugo,Pascow,upascowi1@prlog.org,Male,Sinjār,US
Seumas,Le Gall,slegalli2@jiathis.com,Male,Loandjili,MY
Hamlin,Lago,hlagoi3@eventbrite.com,Male,Sijihong,CN
Ali,Thunder,athunderi4@netvibes.com,Female,Lipu,IT
Eugenie,Foale,efoalei5@godaddy.com,Female,Mulyo,AF
Crista,Downs,cdownsi6@symantec.com,Female,Harbin,LS
Hilly,Leachman,hleachmani7@liveinternet.ru,Male,Magumeri,AU
Karel,Lakenden,klakendeni8@cbc.ca,Male,Shazhouba,US
Renault,Dovey,rdoveyi9@thetimes.co.uk,Male,Tlogoagung,CO
Hasheem,Coggles,hcogglesia@quantcast.com,Male,Yong’an,SS
Noland,Colquite,ncolquiteib@gizmodo.com,Male,Huichang,EC
Beret,Brabender,bbrabenderic@plala.or.jp,Female,Jianyi,PG
Morgen,Pering,mperingid@answers.com,Female,Qaşr al Farāfirah,PK
Isabel,Athridge,iathridgeie@sphinn.com,Female,Ban Chang,NC
Hailey,Boult,hboultif@nps.gov,Male,Zhangguanying,US
Rachel,Audus,raudusig@goo.ne.jp,Female,Phra Phutthabat,CA
Zia,McIlwaine,zmcilwaineih@merriam-webster.com,Female,Donggong,HN
Simona,Paireman,spairemanii@nytimes.com,Female,Wuppertal,IT
Gavan,Akerman,gakermanij@wsj.com,Male,Hafnarfjörður,PG
Dietrich,Cardinal,dcardinalik@wordpress.org,Genderfluid,Issy-les-Moulineaux,IT
Alastair,Sleeman,asleemanil@hao123.com,Agender,Halle,MX
Verney,Lampel,vlampelim@google.co.jp,Male,Shcherbinka,GB
Kermy,Thompstone,kthompstonein@edublogs.org,Male,Sotteville-lès-Rouen,US
Harwilll,Beceril,hbecerilio@people.com.cn,Male,Kedungbacin,HN
Melvyn,Linneman,mlinnemanip@freewebs.com,Male,San Miguel,KR
Gerda,Kerwick,gkerwickiq@cyberchimps.com,Female,Hisor,AR
Francklin,Sowle,fsowleir@merriam-webster.com,Male,Dzüünkharaa,ET
Blakelee,Gooke,bgookeis@meetup.com,Female,Bugcaon,PF
Sax,Juliff,sjuliffit@imageshack.us,Male,Calaya,ZM
Jerome,Frossell,jfrosselliu@cargocollective.com,Male,Želetava,CO
Jerrome,Shropsheir,jshropsheiriv@sina.com.cn,Genderfluid,Campraksanta,LY
Celina,Wrist,cwristiw@mayoclinic.com,Female,Lanigan,US
Thomasa,Test,ttestix@comsenz.com,Female,Qixia,OM
Greta,Detoile,gdetoileiy@weibo.com,Female,Cheongpyeong,US
Benedikta,Chant,bchantiz@engadget.com,Female,Balrothery,AR
Sibeal,Petrasch,spetraschj0@infoseek.co.jp,Female,Zall-Herr,NC
Danica,Rivett,drivettj1@yellowpages.com,Female,Pasirmukti,AU
Hally,Aspinell,haspinellj2@cnet.com,Female,Nālūt,BO
Adriaens,Eilhertsen,aeilhertsenj3@bloglovin.com,Female,Zaporizhzhya,NO
Ruggiero,Caras,rcarasj4@cmu.edu,Male,Det Udom,CF
Monique,Stonhouse,mstonhousej5@ask.com,Female,Kanekomachi,ID
Othello,Pakes,opakesj6@soup.io,Male,Marataizes,MG
Westbrook,Bamfield,wbamfieldj7@amazon.co.jp,Male,Huaccana,PG
Somerset,Ruprich,sruprichj8@omniture.com,Male,Xinhua,MX
Westleigh,Andries,wandriesj9@google.com,Male,Göteborg,TG
Kristofor,Spybey,kspybeyja@bing.com,Male,Pasolapida,SI
Dylan,Thomelin,dthomelinjb@mozilla.org,Male,Novocherkassk,EC
Emmi,Topham,etophamjc@godaddy.com,Genderfluid,Jaro,PA
Arleen,Sibthorp,asibthorpjd@networksolutions.com,Female,Brooklyn,PG
Maiga,Symmons,msymmonsje@photobucket.com,Female,Xitou,CH
Scarlett,Viger,svigerjf@netscape.com,Female,Alcácer do Sal,ID
Morgana,Schouthede,mschouthedejg@harvard.edu,Female,Changsu,BR
Hurleigh,Coil,hcoiljh@prweb.com,Male,Iguape,US
Julio,Schruyers,jschruyersji@flavors.me,Male,Dongkan,AU
Florrie,Szymonowicz,fszymonowiczjj@alexa.com,Female,Fangxiang,US
Ali,Kobieriecki,akobierieckijk@who.int,Male,Kinkala,MZ
Tressa,Symes,tsymesjl@va.gov,Female,Palalang,CL
Hilly,O'Dogherty,hodoghertyjm@dailymotion.com,Male,Cocobeach,BT
Celle,Martinyuk,cmartinyukjn@dedecms.com,Female,Ibarra,RU
Avis,Brownbill,abrownbilljo@jimdo.com,Genderfluid,Марино,US
Meggy,Pawson,mpawsonjp@digg.com,Female,Jombang,RU
Guss,Corkel,gcorkeljq@dell.com,Male,Yawata,AU
Aldous,Stening,asteningjr@geocities.com,Male,Minneapolis,CL
Kellsie,Shanley,kshanleyjs@dedecms.com,Female,Kuching,CN
Chilton,Bisatt,cbisattjt@studiopress.com,Male,'Ali Sabieh,MZ
North,Dunnett,ndunnettju@netscape.com,Male,Kembangkerang Lauk Timur,US
Manfred,Tuson,mtusonjv@163.com,Male,Pacanga,MY
Yoshi,Gasson,ygassonjw@theatlantic.com,Female,Tamanar,ZA
Nathanael,Mattheis,nmattheisjx@scribd.com,Male,Hova,CI
Dusty,Drayn,ddraynjy@plala.or.jp,Female,Bangunharja,GB
Domenico,Georgiades,dgeorgiadesjz@sohu.com,Male,Meijiang,DZ
Clementius,Vido,cvidok0@gmpg.org,Male,Dokolo,RU
Mignon,MacCahey,mmaccaheyk1@ca.gov,Female,Dolisie,US
Flore,Howson,fhowsonk2@ted.com,Female,Katsina-Ala,US
Zsazsa,McKinnell,zmckinnellk3@nih.gov,Female,Monroe,RU
Elita,Bankhurst,ebankhurstk4@home.pl,Female,Dongxin,CA
Lolly,Mc Gorley,lmcgorleyk5@prlog.org,Female,Itapemirim,CN
Rustin,Corkett,rcorkettk6@altervista.org,Male,Puerto Quellón,CK
Jonathon,Cowie,jcowiek7@skyrock.com,Male,Wangdain,US
Ripley,Dudek,rdudekk8@narod.ru,Male,Agpangi,IR
Orton,Scaice,oscaicek9@com.com,Male,Jenamas,NO
Bail,Gueste,bguesteka@wordpress.org,Male,Babakan,DZ
Ken,Bugg,kbuggkb@jalbum.net,Male,Bandaragung,US
Lyndy,Lahy,llahykc@ask.com,Female,Legen,MX
Roxane,Guiduzzi,rguiduzzikd@skyrock.com,Female,Paris 07,AU
Quinn,Robion,qrobionke@behance.net,Male,Dostoyevka,CA
Tulley,Reams,treamskf@webmd.com,Male,Santo Antônio de Pádua,GB
Shalne,Kinnett,skinnettkg@weibo.com,Genderfluid,Fengjiang,ID
Beatrice,Swire,bswirekh@tuttocitta.it,Female,Aglalana,MM
Michel,Rawlin,mrawlinki@businesswire.com,Female,Saatlı,CN
Ernaline,Tailby,etailbykj@mayoclinic.com,Female,Nanyang,AU
Brinn,Bjerkan,bbjerkankk@vkontakte.ru,Female,Longshan,LR
Hamil,Melvin,hmelvinkl@dedecms.com,Male,Catu,VE
Montgomery,Bonnor,mbonnorkm@squidoo.com,Male,Cha’anpu,AU
Nisse,Aukland,nauklandkn@github.com,Female,Kurmanayevka,JM
Burgess,O'Dooghaine,bodooghaineko@biblegateway.com,Male,Dom Pedro,MG
Sean,Leinthall,sleinthallkp@mlb.com,Male,Kristiansand S,PG
Byram,Leadston,bleadstonkq@addtoany.com,Male,Orneta,BR
Kirby,Hennington,khenningtonkr@stanford.edu,Male,Łomża,AO
Archaimbaud,Philbrick,aphilbrickks@jigsy.com,Male,Wschowa,AU
Lulu,Antcliffe,lantcliffekt@histats.com,Female,Kaynardzha,CA
Ulrikaumeko,Imloch,uimlochku@4shared.com,Female,Santa Rosa,CG
Sanderson,Kings,skingskv@icq.com,Male,Svyetlahorsk,AU
Cheston,Feldklein,cfeldkleinkw@altervista.org,Male,Tatebal,US
Vallie,Pietrusiak,vpietrusiakkx@etsy.com,Female,Longcheng,US
Abey,Seabrook,aseabrookky@bloomberg.com,Male,Mosquée,US
Kissie,Hardwin,khardwinkz@e-recht24.de,Female,Solna,AU
Leicester,Gimber,lgimberl0@privacy.gov.au,Male,Timon,PF
Marlon,Hallgate,mhallgatel1@meetup.com,Male,Okhotsk,CI
Ninetta,Twells,ntwellsl2@narod.ru,Female,Arrah,AU
Zeke,Lias,zliasl3@studiopress.com,Male,Solânea,US
Cos,Hallstone,challstonel4@youtube.com,Male,Kawanishi,US
Daren,Perillo,dperillol5@irs.gov,Male,Jiuxian,FR
Nelie,Pleasance,npleasancel6@shinystat.com,Female,Solnechnogorsk,US
Merrielle,Muldrew,mmuldrewl7@digg.com,Female,Tanbu,NP
Kori,Keays,kkeaysl8@slate.com,Female,Baitang,JP
Sheila,Gimert,sgimertl9@google.nl,Female,Zhanghekou,BR
Constancy,Charlick,ccharlickla@home.pl,Female,Middleton,ID
Fonsie,Tzarkov,ftzarkovlb@ucsd.edu,Male,Údlice,SA
Revkah,Acors,racorslc@census.gov,Female,Zmeyskaya,AU
Bogart,Teese,bteeseld@vinaora.com,Male,Paradahan,CA
Dolorita,Gainsburgh,dgainsburghle@cam.ac.uk,Female,Kafr Baţnā,US
Tobit,Sivell,tsivelllf@51.la,Male,San Agustín Acasaguastlán,GB
Marielle,Seagar,mseagarlg@slideshare.net,Female,Sakassou,AU
Cyril,Crothers,ccrotherslh@google.ru,Male,Zapala,US
Elsi,Farmar,efarmarli@live.com,Female,Rungis,US
Randolph,Taylerson,rtaylersonlj@ovh.net,Male,Dayin,AU
Kyrstin,Kingaby,kkingabylk@typepad.com,Female,Al Fukhkhārī,US
Burt,Okenden,bokendenll@pen.io,Male,Anping,PG
Allx,Sallarie,asallarielm@a8.net,Agender,Batang,AU
Myrtie,Denzilow,mdenzilowln@bbb.org,Female,Sapu Padidu,AR
Fletcher,Feldhammer,ffeldhammerlo@cocolog-nifty.com,Male,Rondonópolis,PY
Francklyn,Ciotti,fciottilp@fc2.com,Male,Delmas,US
Evangelina,Leitche,eleitchelq@deviantart.com,Female,El Hamma,YE
Anatole,Parysowna,aparysownalr@dion.ne.jp,Male,Kujang,NZ
Farleigh,Wilby,fwilbyls@about.com,Male,Phoenix,FR
Alvera,Varnam,avarnamlt@yelp.com,Polygender,Perivóli,BY
Onfroi,Ipsgrave,oipsgravelu@stumbleupon.com,Male,Sinjhoro,US
Nanete,Josilowski,njosilowskilv@fotki.com,Polygender,Al Quwaysimah,NP
Herman,Bonnor,hbonnorlw@histats.com,Male,Watuagung,RU
Caterina,Helversen,chelversenlx@123-reg.co.uk,Female,Madalena,GB
Haleigh,Kebbell,hkebbellly@wired.com,Female,Wuxi,US
Sunshine,Androlli,sandrollilz@home.pl,Female,Luoping,US
Robinet,Liccardi,rliccardim0@printfriendly.com,Genderfluid,Ia Kha,SK
Gail,Gavahan,ggavahanm1@bbb.org,Male,Gulai,CA
Brad,Olorenshaw,bolorenshawm2@lycos.com,Male,Ambelókipoi,PG
Ardella,Kinglesyd,akinglesydm3@prweb.com,Female,Manzurka,US
Claudell,Slocket,cslocketm4@spiegel.de,Male,Tangwang,US
Christie,Peyton,cpeytonm5@google.ru,Male,Ambarakaraka,KZ
Germaine,Tower,gtowerm6@hexun.com,Female,Cap Malheureux,VE
Rusty,Fleming,rflemingm7@psu.edu,Male,Nianpan,BR
Teddy,Regi,tregim8@meetup.com,Male,Zamora,BR
Arny,Caseley,acaseleym9@fda.gov,Male,Daqiao,AU
Corinne,Burns,cburnsma@nps.gov,Female,Thị Trấn Vạn Hà,IN
Gilburt,Pochon,gpochonmb@mozilla.org,Male,Kafr Takhārīm,AO
Erek,Sherbourne,esherbournemc@wufoo.com,Male,Kafr Zībād,CO
Valma,Chaston,vchastonmd@lulu.com,Genderfluid,Thaton,US
Anson,Lippatt,alippattme@psu.edu,Male,Māmu Kānjan,US
Ly,Bateman,lbatemanmf@usa.gov,Male,Beskolen,NO
Bab,Aisthorpe,baisthorpemg@sourceforge.net,Non-binary,Zhuanqiang,ML
Wylie,Johnys,wjohnysmh@cam.ac.uk,Male,Boca Chica,US
Lynnett,Nellen,lnellenmi@parallels.com,Non-binary,Francisco Beltrão,CU
Brendan,Crossgrove,bcrossgrovemj@nbcnews.com,Genderqueer,White Rock,BR
Timi,Dwyr,tdwyrmk@acquirethisname.com,Genderfluid,Kayl,US
Jany,Maslin,jmaslinml@washingtonpost.com,Female,Baranów,AR
Guenna,Densie,gdensiemm@businessinsider.com,Bigender,Huacao,AU
Leo,Calbert,lcalbertmn@sfgate.com,Male,Mali,GR
Valenka,Goreway,vgorewaymo@xinhuanet.com,Female,Labin,GB
Robinett,Bernocchi,rbernocchimp@dion.ne.jp,Female,Daban,UA
Yuma,Goodwyn,ygoodwynmq@ezinearticles.com,Male,Biên Hòa,US
Eula,Gribbins,egribbinsmr@networkadvertising.org,Female,Severnyy,EG
Yelena,Bison,ybisonms@4shared.com,Female,Fujioka,PG
Vivianne,Laxon,vlaxonmt@bloomberg.com,Female,Zhenwen,CA
Queenie,Reskelly,qreskellymu@ezinearticles.com,Female,Pravda,US
Sapphira,Collumbine,scollumbinemv@acquirethisname.com,Female,Ikeja,BR
Ferguson,Pawley,fpawleymw@seesaa.net,Male,Ipoh,KH
Freemon,Test,ftestmx@va.gov,Male,Qŭshkŭpir,CO
Niccolo,Carlisi,ncarlisimy@photobucket.com,Male,Jinshanwei,US
Kristoforo,Hardacre,khardacremz@prweb.com,Male,Lela,AU
Sela,Peirazzi,speirazzin0@histats.com,Female,Javānrūd,TZ
Jozef,Aglione,jaglionen1@tumblr.com,Male,Alenquer,US
Renell,Sibbson,rsibbsonn2@free.fr,Female,Qiangqinxue,CD
Maryellen,Newberry,mnewberryn3@statcounter.com,Female,Gesing,US
Fonsie,MacEveley,fmaceveleyn4@wikia.com,Male,Yamethin,RU
Robb,Farenden,rfarendenn5@domainmarket.com,Male,Huangliu,AU
Ailbert,Gallatly,agallatlyn6@last.fm,Male,Rafaḩ,PK
Merrill,Silby,msilbyn7@seesaa.net,Female,Yushan,US
Jacquenetta,Pierro,jpierron8@php.net,Female,Padangtiji,GB
Verla,Giacomuzzo,vgiacomuzzon9@indiatimes.com,Female,Quanjiang,VE
Mandi,Crang,mcrangna@ucoz.com,Female,La Mesa,US
Di,Ganderton,dgandertonnb@icq.com,Female,Tunggar,BR
Elli,Stanbra,estanbranc@t.co,Female,Kotkot,RU
Berry,Oswick,boswicknd@taobao.com,Polygender,Bayt Qād,US
Jo-anne,Wharram,jwharramne@si.edu,Female,Sojo,VE
Petronille,Ewdale,pewdalenf@psu.edu,Female,Bilozerka,US
Brucie,Klassmann,bklassmannng@vimeo.com,Male,Laventille,TH
Oriana,Thurlbourne,othurlbournenh@wikispaces.com,Female,Calomboyan,US
Chastity,Roe,croeni@elpais.com,Female,Paclolo,CN
Reade,Sandcraft,rsandcraftnj@mysql.com,Male,Pekuwon,SC
Farlay,Giacomuzzo,fgiacomuzzonk@apache.org,Genderqueer,Gengwan,IN
Halley,Preece,hpreecenl@scribd.com,Female,Bonebone,MR
Kendricks,Simpkiss,ksimpkissnm@facebook.com,Male,Beaung Tengah,VN
Babara,Adie,badienn@webeden.co.uk,Bigender,Xishan,DE
Ulysses,Kingswold,ukingswoldno@shutterfly.com,Male,Nanxia,CN
Merl,Alderwick,malderwicknp@ning.com,Agender,Hương Sơn,BR
Friedrich,Cottisford,fcottisfordnq@goo.ne.jp,Male,San Carlos,BR
Pip,Claisse,pclaissenr@ycombinator.com,Genderfluid,Argostólion,PK
Maris,Duddle,mduddlens@stanford.edu,Female,Huntsville,UA
Clemmie,Buddleigh,cbuddleighnt@pbs.org,Agender,Billa,BS
Chelsy,Jarrel,cjarrelnu@dot.gov,Female,Xingxi,AU
Elihu,Pencost,epencostnv@acquirethisname.com,Non-binary,Pinhal da Marquesa,US
Marshall,Wretham,mwrethamnw@parallels.com,Male,Karungdong,US
Reggie,Brandolini,rbrandolininx@auda.org.au,Male,Pakapasan Ilir,ID
Axe,Fassman,afassmanny@ted.com,Male,Mariel,US
Franzen,Downton,fdowntonnz@aboutads.info,Male,New York City,IN
Carmelle,Seamen,cseameno0@360.cn,Female,Reggio Calabria,AU
Susanna,Meffin,smeffino1@purevolume.com,Female,Kuhmo,US
Bevin,Beazleigh,bbeazleigho2@unblog.fr,Male,Stockholm,NG
Merrel,Maseyk,mmaseyko3@mlb.com,Male,Јегуновце,PG
Alexandrina,Goldberg,agoldbergo4@themeforest.net,Female,Lope de Vega,TR
Sisile,Perrelle,sperrelleo5@ebay.co.uk,Female,Corinto,US
Cchaddie,Winterborne,cwinterborneo6@mozilla.org,Male,Senggapi,US
Janina,Gimber,jgimbero7@netvibes.com,Female,Labé,AU
Willard,Welbelove,wwelbeloveo8@ameblo.jp,Male,Afaahiti,CA
Noak,Kleinzweig,nkleinzweigo9@simplemachines.org,Male,Kuiyong,CN
Edi,Akess,eakessoa@nhs.uk,Female,Czarnocin,US
Brietta,Ecclestone,becclestoneob@ycombinator.com,Female,pamas,NG
Palm,Fossitt,pfossittoc@about.com,Male,Smithers,US
Bard,Cheese,bcheeseod@cbslocal.com,Male,Zlatoust,MR
Milli,Masurel,mmasureloe@harvard.edu,Female,Xinan,SR
Wernher,Burnel,wburnelof@deviantart.com,Male,Huangmao,US
Thom,Schops,tschopsog@nbcnews.com,Male,Washington,PG
Carolina,Cohrs,ccohrsoh@blinklist.com,Female,Greater Napanee,AO
Liana,Cleynman,lcleynmanoi@bigcartel.com,Female,Pajé,AE
Moreen,Kyndred,mkyndredoj@miibeian.gov.cn,Female,Koźle,ID
Christophe,Gellibrand,cgellibrandok@fda.gov,Bigender,Boca Suno,TR
Britni,Barnet,bbarnetol@un.org,Female,Aiguo,CA
Sharlene,Bumpus,sbumpusom@amazon.co.uk,Female,Nangger,US
Griffith,Vannet,gvanneton@sun.com,Male,Tromsø,AU
Sol,Brushfield,sbrushfieldoo@dyndns.org,Male,Nakhon Nayok,MX
Babita,Lyon,blyonop@psu.edu,Female,Ueki,PG
Minda,Lush,mlushoq@youtube.com,Female,León,MW
Rene,Aaronson,raaronsonor@whitehouse.gov,Male,Aliwal North,CA
Decca,MacKellen,dmackellenos@ebay.com,Male,Kota Kinabalu,US
Betta,Rosenbaum,brosenbaumot@pen.io,Polygender,Rabat,BR
Mariann,Broadfoot,mbroadfootou@scientificamerican.com,Female,Repelón,GF
Dorie,Kybert,dkybertov@amazon.co.jp,Female,La Puerta de San José,US
Dorolice,Cissen,dcissenow@google.com.br,Female,Hidalgo,IR
Vinny,Ostler,vostlerox@dagondesign.com,Male,Si Ma Cai,JP
Welsh,Old,woldoy@arizona.edu,Male,Sekirnik,DE
Tarra,Worvell,tworvelloz@webs.com,Female,Wąsosz,CN
Alisander,Dionsetto,adionsettop0@wikimedia.org,Male,Villa Nueva,US
Dorris,Peron,dperonp1@com.com,Female,Senadan,CU
Berri,McTiernan,bmctiernanp2@webs.com,Female,Açucena,CN
Humfried,Berthot,hberthotp3@simplemachines.org,Male,Herby,AU
Lia,Collicott,lcollicottp4@creativecommons.org,Non-binary,Awilega,IS
Brittany,Rogeon,brogeonp5@tumblr.com,Female,Jadowniki,AR
Thalia,Pawelczyk,tpawelczykp6@adobe.com,Female,Wawer,LY
Tansy,Scurry,tscurryp7@sina.com.cn,Female,Bantarpanjang,EG
Domenic,Cradock,dcradockp8@google.de,Male,Hồ Xá,WS
Guillema,Bernardes,gbernardesp9@canalblog.com,Female,Barcelona,IT
Barbie,Diggar,bdiggarpa@marketwatch.com,Female,Baie-Saint-Paul,GB
Chucho,Cattermole,ccattermolepb@redcross.org,Male,Futuroscope,UA
Dionis,Bernhardi,dbernhardipc@1und1.de,Female,São Pedro de Trafaria,PH
Camile,Burrel,cburrelpd@apache.org,Female,Sambiyan,US
Natala,Chessman,nchessmanpe@simplemachines.org,Genderqueer,Banag,CN
Tildy,Antonetti,tantonettipf@ebay.co.uk,Bigender,Nantes,MM
Kalli,Kemme,kkemmepg@hp.com,Female,Serpukhov,ID
Jedediah,Worral,jworralph@businesswire.com,Male,Alzamay,CA
Sarajane,Spawton,sspawtonpi@tripadvisor.com,Bigender,Dong’ao,VU
Larina,Esilmon,lesilmonpj@ocn.ne.jp,Female,Villa Dolores,IN
Jennine,Jean,jjeanpk@kickstarter.com,Female,Helsingborg,BR
Earle,Adamsky,eadamskypl@storify.com,Genderqueer,Alta,ZW
Hillier,Burel,hburelpm@engadget.com,Male,Novodmitriyevskaya,IE
Alikee,Vasnetsov,avasnetsovpn@about.com,Female,Yuquan,TH
Cynthie,Caught,ccaughtpo@twitter.com,Female,Volodarka,DE
Pammie,Picker,ppickerpp@infoseek.co.jp,Female,Kass Wollof,ID
Hiram,Stocks,hstockspq@ehow.com,Male,Santa Catalina - Dique Lujan,DM
Leroy,Golthorpp,lgolthorpppr@vimeo.com,Male,Chlumčany,BF
Pryce,Brownlow,pbrownlowps@4shared.com,Male,Real,GN
Barbi,Klemenz,bklemenzpt@umich.edu,Female,São Vicente de Ferreira,AU
Dorotea,Girk,dgirkpu@ning.com,Genderqueer,Stockholm,RU
Wolf,Ludvigsen,wludvigsenpv@ucoz.com,Male,Mikołów,US
Delia,Pheazey,dpheazeypw@simplemachines.org,Female,Mangunjaya,TW
Malcolm,Fawdry,mfawdrypx@techcrunch.com,Male,Nyuksenitsa,ES
Helen,Druhan,hdruhanpy@ibm.com,Female,Herzliyya,TH
Laurena,Mohun,lmohunpz@unesco.org,Female,Mocoa,CF
Anatol,Barrabeale,abarrabealeq0@nsw.gov.au,Male,Dollard-Des Ormeaux,NO
Luce,Sharply,lsharplyq1@google.pl,Male,Kumagaya,PG
Kelsi,Baty,kbatyq2@noaa.gov,Female,Bodø,CN
Evangelina,Tompkin,etompkinq3@moonfruit.com,Female,Taoyang,US
Em,Bamell,ebamellq4@unicef.org,Female,Manjacaze,CN
Del,Lassell,dlassellq5@columbia.edu,Male,Bojnik,VU
Vladimir,Geall,vgeallq6@vinaora.com,Polygender,Xiaohenglong,CF
Olag,Leupoldt,oleupoldtq7@tinypic.com,Male,Monguno,FR
Johnnie,Tanby,jtanbyq8@google.it,Male,Xianyuan,AU
Nehemiah,Eve,neveq9@about.com,Male,Lajeado,AR
Towney,Charlewood,tcharlewoodqa@theglobeandmail.com,Male,Obudu,US
Mavra,Chowne,mchowneqb@sina.com.cn,Female,Askainen,BR
Raphaela,Klicher,rklicherqc@naver.com,Female,Toshkivka,BR
Benny,Brunton,bbruntonqd@altervista.org,Male,Wushan,AU
Nanni,Ranns,nrannsqe@senate.gov,Female,Longxi,GB
Karoly,Greener,kgreenerqf@whitehouse.gov,Male,Mayakovski,BR
Jarred,Marieton,jmarietonqg@nydailynews.com,Male,Łaszczów,NC
Yolanda,Adcock,yadcockqh@csmonitor.com,Female,Punta Hermosa,PH
Hortense,Danovich,hdanovichqi@posterous.com,Female,Victoria,MV
Rhianna,Moffat,rmoffatqj@businessweek.com,Female,Yatsuomachi-higashikumisaka,AU
Jarid,Gerard,jgerardqk@ed.gov,Genderfluid,Pakokku,AU
Augustine,Caves,acavesql@pcworld.com,Female,Metz,BR
Marianna,Hanwright,mhanwrightqm@blogtalkradio.com,Female,Itaguaí,AU
Kearney,Hackney,khackneyqn@clickbank.net,Genderqueer,Goiás,CN
Erika,MacGovern,emacgovernqo@europa.eu,Female,Banjar Banyualit,TR
Avigdor,Mc Elory,amceloryqp@imdb.com,Non-binary,Tvrdonice,FR
Leicester,Pinnocke,lpinnockeqq@bloglines.com,Male,Lisków,RU
Seamus,Casino,scasinoqr@stumbleupon.com,Male,Lubrza,US
Jimmie,Timbrell,jtimbrellqs@imageshack.us,Genderqueer,Xingquan,CD
Shurlocke,Gatesman,sgatesmanqt@zimbio.com,Male,Khvalovo,ZA
Elizabeth,Rupp,eruppqu@prnewswire.com,Female,Tarlac City,JP
Ruggiero,Vogelein,rvogeleinqv@spotify.com,Male,Balindong,LK
Norry,Eakins,neakinsqw@sakura.ne.jp,Male,Ikata-chō,CA
Vaughn,Scotchbourouge,vscotchbourougeqx@unc.edu,Male,Ryazanskaya,KZ
Marlon,Havill,mhavillqy@newyorker.com,Male,Dongsheng,US
Eleonora,Ricket,ericketqz@technorati.com,Female,Palca,CN
Veronique,Schoffler,vschofflerr0@cbc.ca,Female,Santo André,US
Florian,Blockley,fblockleyr1@jalbum.net,Male,Ḑubāh,US
Christoper,Kennon,ckennonr2@shop-pro.jp,Male,Cajati,US
Kinsley,Chretien,kchretienr3@shinystat.com,Genderfluid,El Arañado,OM
Edeline,Carnduff,ecarnduffr4@kickstarter.com,Female,Al Jumūm,PE
Rene,Whiteman,rwhitemanr5@ox.ac.uk,Male,Dayr Mawās,BR
Curtice,Humbie,chumbier6@deviantart.com,Male,Lela,CA
Bert,Sharphouse,bsharphouser7@yahoo.co.jp,Male,Jinqiao,SE
Stephi,Roote,srooter8@usnews.com,Female,Billère,CN
Netta,Peterffy,npeterffyr9@marriott.com,Female,Velika Kladuša,US
Abbey,McElmurray,amcelmurrayra@shareasale.com,Female,Krajan Selatan,PG
Margareta,Coffey,mcoffeyrb@ebay.co.uk,Female,Grand Rapids,CA
Doralynn,Widdup,dwidduprc@csmonitor.com,Female,Motupe,CA
Farly,Wesker,fweskerrd@uiuc.edu,Male,Nguluhan,IQ
Anissa,Castillo,acastillore@livejournal.com,Female,Norrköping,IR
Zack,de Glanville,zdeglanvillerf@nhs.uk,Male,Stare Juchy,BR
Loren,Boulde,lboulderg@uol.com.br,Female,Jambuwerkrajan,CA
Mersey,McFade,mmcfaderh@pinterest.com,Non-binary,San Agustin,US
Janaye,Tine,jtineri@elegantthemes.com,Female,Carlsbad,NO
Dacy,Venard,dvenardrj@marketwatch.com,Female,Dingchang,GB
Catherina,Skurm,cskurmrk@xinhuanet.com,Female,Ketawang,ET
De witt,Leap,dleaprl@bizjournals.com,Male,Mamurras,BZ
Micheil,Britney,mbritneyrm@example.com,Genderqueer,Laguna Paiva,KR
Lilli,McMenamin,lmcmenaminrn@tamu.edu,Female,North Perth,CA
Adams,Cristobal,acristobalro@state.tx.us,Male,Hekou,PF
Abbie,Jakel,ajakelrp@dyndns.org,Genderqueer,Des Moines,US
Bill,Caton,bcatonrq@parallels.com,Male,Cikarang,CN
Carolina,Orris,corrisrr@eepurl.com,Agender,Lewin Kłodzki,US
